id,firstName,lastName,email,phone,requestPending,enabled,approvedBy
1,Andonis,Charnock,acharnock0@icq.com,166-170-6230,false,true,Andonis Charnock
2,Vitia,Skene,vskene1@dropbox.com,608-663-0644,false,true,Vitia Skene
3,Leah,Torrent,ltorrent2@nasa.gov,656-825-3597,true,false,Leah Torrent
4,Paten,Maybey,pmaybey3@chron.com,480-587-5277,true,false,Paten Maybey
5,Ailey,Cleveland,acleveland4@wikimedia.org,603-853-1330,true,false,Ailey Cleveland
6,Gaston,Lockyear,glockyear5@google.es,341-443-2641,true,false,Gaston Lockyear
7,Catarina,Iacomi,ciacomi6@prlog.org,990-422-4606,false,true,Catarina Iacomi
8,Veda,Lamplugh,vlamplugh7@admin.ch,150-282-2241,true,false,Veda Lamplugh
9,Mack,Palphramand,mpalphramand8@hud.gov,991-829-4922,true,false,Mack Palphramand
10,Flore,De Matteis,fde9@msu.edu,859-831-2832,true,false,Flore De Matteis
11,Farlee,Budgey,fbudgeya@narod.ru,368-766-5496,false,true,Farlee Budgey
12,Jackie,Kolis,jkolisb@vimeo.com,916-238-9597,false,true,Jackie Kolis
13,Marline,Stead,msteadc@fda.gov,405-768-7207,false,true,Marline Stead
14,Waylin,Kedge,wkedged@chronoengine.com,892-123-0206,true,false,Waylin Kedge
15,Duke,Vowell,dvowelle@bloglovin.com,911-989-1915,true,false,Duke Vowell
16,Conrade,Tomley,ctomleyf@chronoengine.com,128-396-3069,true,false,Conrade Tomley
17,Bill,Todari,btodarig@creativecommons.org,185-718-7312,true,false,Bill Todari
18,William,Search,wsearchh@un.org,553-695-4851,true,false,William Search
19,Aubrey,Kondratyuk,akondratyuki@oaic.gov.au,629-609-8052,false,true,Aubrey Kondratyuk
20,Leopold,Junkison,ljunkisonj@google.ru,509-842-0201,false,true,Leopold Junkison
21,Jaquenetta,Petraitis,jpetraitisk@prnewswire.com,202-126-6233,false,true,Jaquenetta Petraitis
22,Clywd,Lourenco,clourencol@histats.com,983-128-1882,false,true,Clywd Lourenco
23,Mariette,McGuane,mmcguanem@jimdo.com,100-114-9231,true,false,Mariette McGuane
24,Bartel,Skylett,bskylettn@mozilla.org,955-252-5563,true,false,Bartel Skylett
25,Micheline,Kroll,mkrollo@ucoz.ru,534-795-6512,true,false,Micheline Kroll
26,Rabbi,Sutherley,rsutherleyp@scientificamerican.com,609-325-5389,true,false,Rabbi Sutherley
27,Doralin,Bischoff,dbischoffq@wsj.com,898-796-3852,true,false,Doralin Bischoff
28,Stearne,Frayling,sfraylingr@barnesandnoble.com,819-487-4546,true,false,Stearne Frayling
29,Elnore,Assender,eassenders@pinterest.com,204-276-9037,true,false,Elnore Assender
30,Lethia,Fowley,lfowleyt@mac.com,855-722-5298,true,false,Lethia Fowley
31,Ag,Baynon,abaynonu@geocities.jp,899-985-8275,true,false,Ag Baynon
32,Avril,Minillo,aminillov@a8.net,362-943-7730,true,false,Avril Minillo
33,Russ,Jull,rjullw@phoca.cz,152-304-7802,true,false,Russ Jull
34,Bliss,Medford,bmedfordx@fema.gov,866-196-7127,true,false,Bliss Medford
35,Perri,Le Marquand,pley@census.gov,317-342-4179,false,true,Perri Le Marquand
36,Grayce,Croke,gcrokez@cocolog-nifty.com,426-190-7162,false,true,Grayce Croke
37,Monica,Caddy,mcaddy10@yellowpages.com,770-445-5957,false,true,Monica Caddy
38,Seth,Gentery,sgentery11@sogou.com,601-712-2953,true,false,Seth Gentery
39,Margarethe,Bertl,mbertl12@jugem.jp,479-173-0042,false,true,Margarethe Bertl
40,Mariette,Waywell,mwaywell13@deviantart.com,884-986-9597,true,false,Mariette Waywell
41,Erie,Goodson,egoodson14@ft.com,485-295-0862,true,false,Erie Goodson
42,Carmencita,Van der Brugge,cvan15@msn.com,735-170-9554,false,true,Carmencita Van der Brugge
43,Patten,Maypother,pmaypother16@myspace.com,633-950-6379,true,false,Patten Maypother
44,Jamima,Dewdney,jdewdney17@wikispaces.com,476-774-4649,true,false,Jamima Dewdney
45,Delly,Rangle,drangle18@geocities.jp,975-112-4448,false,true,Delly Rangle
46,Veriee,Kirton,vkirton19@uol.com.br,351-631-3904,false,true,Veriee Kirton
47,Wolfy,Batterham,wbatterham1a@springer.com,884-145-7170,true,false,Wolfy Batterham
48,Pyotr,Pitrollo,ppitrollo1b@xinhuanet.com,961-207-9938,false,true,Pyotr Pitrollo
49,Nehemiah,Matelaitis,nmatelaitis1c@naver.com,403-998-4522,true,false,Nehemiah Matelaitis
50,Dene,Crandon,dcrandon1d@amazonaws.com,773-734-7047,true,false,Dene Crandon
51,Lorene,Gladman,lgladman1e@adobe.com,558-977-7893,true,false,Lorene Gladman
52,Corella,Bramhill,cbramhill1f@ustream.tv,850-331-0427,false,true,Corella Bramhill
53,Fiorenze,Wynes,fwynes1g@cloudflare.com,299-637-3412,true,false,Fiorenze Wynes
54,Katalin,Wakes,kwakes1h@issuu.com,976-917-6594,true,false,Katalin Wakes
55,Nathaniel,Ritmeier,nritmeier1i@simplemachines.org,826-476-9351,true,false,Nathaniel Ritmeier
56,Shelley,McInnes,smcinnes1j@fastcompany.com,468-938-9213,false,true,Shelley McInnes
57,Ulrika,Malshinger,umalshinger1k@phpbb.com,180-929-8320,true,false,Ulrika Malshinger
58,Tobye,Anmore,tanmore1l@cargocollective.com,710-534-4412,true,false,Tobye Anmore
59,Eric,Hedylstone,ehedylstone1m@so-net.ne.jp,712-782-7925,true,false,Eric Hedylstone
60,Lian,Cordova,lcordova1n@cisco.com,729-555-8342,false,true,Lian Cordova
61,Yves,O'Clery,yoclery1o@xing.com,977-147-1108,false,true,Yves O'Clery
62,Kamila,Ovell,kovell1p@usatoday.com,325-568-8911,true,false,Kamila Ovell
63,Tandy,Stadden,tstadden1q@yahoo.com,797-507-0520,true,false,Tandy Stadden
64,Roarke,Bliven,rbliven1r@cdbaby.com,701-495-4020,false,true,Roarke Bliven
65,Cece,Spafford,cspafford1s@weather.com,816-776-1726,true,false,Cece Spafford
66,Brig,MacDougal,bmacdougal1t@upenn.edu,935-271-8132,false,true,Brig MacDougal
67,Tiebout,Tune,ttune1u@scientificamerican.com,992-182-4612,false,true,Tiebout Tune
68,Alanna,Gavrielli,agavrielli1v@epa.gov,675-527-0460,false,true,Alanna Gavrielli
69,Simona,Calcraft,scalcraft1w@indiatimes.com,414-696-5741,false,true,Simona Calcraft
70,Parrnell,Harbidge,pharbidge1x@cbslocal.com,293-782-1711,false,true,Parrnell Harbidge
71,Reube,Arrandale,rarrandale1y@mysql.com,171-511-3716,true,false,Reube Arrandale
72,Tiff,Bernlin,tbernlin1z@123-reg.co.uk,938-709-5699,true,false,Tiff Bernlin
73,Hailee,Brumfield,hbrumfield20@aboutads.info,757-182-7607,false,true,Hailee Brumfield
74,Lesya,Roycroft,lroycroft21@psu.edu,763-522-1215,true,false,Lesya Roycroft
75,Gavan,Tertre,gtertre22@last.fm,572-445-6647,true,false,Gavan Tertre
76,Tersina,Chat,tchat23@forbes.com,688-565-6121,false,true,Tersina Chat
77,Dunc,Lachaize,dlachaize24@archive.org,517-257-0045,false,true,Dunc Lachaize
78,Mathilde,Leber,mleber25@hao123.com,808-540-1170,false,true,Mathilde Leber
79,Devonne,McReath,dmcreath26@wikispaces.com,966-212-1436,false,true,Devonne McReath
80,Sam,Schild,sschild27@stanford.edu,166-638-1769,false,true,Sam Schild
81,Joshia,Brummell,jbrummell28@icq.com,626-806-3573,false,true,Joshia Brummell
82,Goldy,Fallanche,gfallanche29@so-net.ne.jp,630-451-4624,false,true,Goldy Fallanche
83,Heall,Ruslin,hruslin2a@unicef.org,351-549-9090,false,true,Heall Ruslin
84,Joela,Mackneis,jmackneis2b@lulu.com,848-976-4135,true,false,Joela Mackneis
85,Graham,Izzard,gizzard2c@51.la,999-585-6130,true,false,Graham Izzard
86,Ajay,Lapping,alapping2d@squidoo.com,478-705-3485,true,false,Ajay Lapping
87,Leontine,Domoni,ldomoni2e@europa.eu,226-906-3046,false,true,Leontine Domoni
88,Larine,Osment,losment2f@dyndns.org,751-678-7617,true,false,Larine Osment
89,Lenka,Howcroft,lhowcroft2g@miitbeian.gov.cn,162-656-9625,false,true,Lenka Howcroft
90,Katharine,Ingleson,kingleson2h@auda.org.au,213-875-6343,false,true,Katharine Ingleson
91,Audrie,Stihl,astihl2i@example.com,475-815-2410,true,false,Audrie Stihl
92,Jo ann,Eacott,jann2j@ameblo.jp,941-542-6730,false,true,Jo ann Eacott
93,Chastity,Lazenbury,clazenbury2k@drupal.org,548-880-7103,true,false,Chastity Lazenbury
94,Berna,Bendle,bbendle2l@hibu.com,160-926-9169,false,true,Berna Bendle
95,Derrik,Lean,dlean2m@constantcontact.com,558-835-2505,false,true,Derrik Lean
96,Yancy,McKeefry,ymckeefry2n@reference.com,667-433-8556,true,false,Yancy McKeefry
97,Iolande,Legier,ilegier2o@alibaba.com,610-790-9247,false,true,Iolande Legier
98,Austin,Hardson,ahardson2p@comcast.net,454-694-9637,true,false,Austin Hardson
99,Helge,Isaacs,hisaacs2q@howstuffworks.com,199-467-8378,true,false,Helge Isaacs
100,Melosa,Prewer,mprewer2r@feedburner.com,294-971-5574,true,false,Melosa Prewer
